region,year,culture,productivityValue,priceToSell,costToPlant
˜˜˜˜˜˜˜˜˜˜˜˜ ˜˜˜˜˜˜˜,2020,˜˜˜˜˜,25.8,18,540
˜˜˜˜˜˜˜˜ ˜˜˜˜˜˜˜,2020,˜˜˜˜˜,15.3,18,540
˜˜˜˜˜˜˜˜˜˜˜ ˜˜˜˜˜˜˜,2020,˜˜˜˜˜,15.2,18,540
˜˜˜˜˜˜˜ ˜˜˜˜˜˜˜,2020,˜˜˜˜˜,17,18,540
˜˜˜˜˜˜˜˜ ˜˜˜˜˜˜˜,2020,˜˜˜˜˜,19,18,540
˜˜˜˜˜˜˜˜˜˜ ˜˜˜˜˜˜˜,2020,˜˜˜˜˜,7.2,18,540
˜˜˜˜˜˜˜˜˜ ˜˜˜˜˜˜˜,2020,˜˜˜˜˜,22.9,18,540
˜˜˜˜˜˜˜˜˜˜ ˜˜˜˜˜˜˜,2020,˜˜˜˜˜,16.8,18,540
˜˜˜˜˜˜˜˜˜˜ ˜˜˜˜˜˜˜,2020,˜˜˜˜˜,28.3,18,540
˜˜˜˜˜˜˜˜ ˜˜˜˜˜˜˜,2020,˜˜˜˜˜,29.7,18,540
˜˜˜˜˜˜˜˜˜˜ ˜˜˜˜˜˜,2020,˜˜˜˜˜,11.6,18,540
˜˜˜˜˜˜˜˜˜˜ ˜˜˜˜˜˜˜˜,2020,˜˜˜˜˜,6.7,18,540
˜˜˜˜˜˜˜˜˜˜ ˜˜˜˜,2020,˜˜˜˜˜,10.6,18,540
˜˜˜˜˜˜˜˜˜˜˜˜˜ ˜˜˜˜,2020,˜˜˜˜˜,16.8,18,540
˜˜˜˜˜˜˜˜˜˜˜˜˜ ˜˜˜˜˜˜˜,2020,˜˜˜˜˜,8.7,18,540
˜˜˜˜˜˜˜˜˜˜ ˜˜˜˜˜˜˜,2020,˜˜˜˜˜,9.7,18,540
˜˜˜˜˜˜˜˜˜-˜˜˜˜˜˜˜˜˜˜ ˜˜˜˜˜˜˜˜˜˜,2020,˜˜˜˜˜,6.1,18,540
˜˜˜˜˜˜˜˜˜ ˜˜˜˜˜˜˜˜˜˜,2020,˜˜˜˜˜,13.5,18,540
˜˜˜˜˜˜˜˜˜˜˜˜˜˜ ˜˜˜˜,2020,˜˜˜˜˜,6.3,18,540
˜˜˜˜˜˜˜˜˜˜ ˜˜˜˜˜˜˜˜˜˜˜˜,2020,˜˜˜˜˜,14.1,18,540
˜˜˜˜˜˜˜˜˜˜ ˜˜˜˜˜˜˜˜,2020,˜˜˜˜˜,25,18,540
˜˜˜˜˜˜˜˜˜˜ ˜˜˜˜˜˜˜˜˜,2020,˜˜˜˜˜,17.5,18,540
˜˜˜˜˜˜˜˜˜˜ ˜˜˜˜˜˜˜˜˜˜,2020,˜˜˜˜˜,9.8,18,540
˜˜˜˜˜˜˜˜˜ ˜˜˜˜˜˜˜˜˜˜,2020,˜˜˜˜˜,17,18,540
˜˜˜˜˜˜˜˜˜˜˜˜˜ ˜˜˜˜˜˜˜,2020,˜˜˜˜˜,13.9,18,540
˜˜˜˜˜˜˜˜˜˜˜˜ ˜˜˜˜˜˜˜,2020,˜˜˜˜˜,7.5,18,540
˜˜˜˜˜˜˜˜˜˜ ˜˜˜˜˜˜˜,2020,˜˜˜˜˜,19.4,18,540
˜˜˜˜˜˜˜˜˜ ˜˜˜˜˜˜˜,2020,˜˜˜˜˜,9.9,18,540
˜˜˜˜˜˜˜˜˜˜˜ ˜˜˜˜˜˜˜,2020,˜˜˜˜˜,12,18,540
˜˜˜˜˜˜˜˜˜˜˜ ˜˜˜˜˜˜˜,2020,˜˜˜˜˜,12.9,18,540
˜˜˜˜˜˜˜˜˜˜ ˜˜˜˜˜˜˜,2020,˜˜˜˜˜,9,18,540
˜˜˜˜˜˜˜˜˜˜˜ ˜˜˜˜˜˜˜,2020,˜˜˜˜˜,6.5,18,540
˜˜˜˜˜˜˜˜˜˜ ˜˜˜˜,2020,˜˜˜˜˜,24.9,18,540
˜˜˜˜˜˜˜˜˜ ˜˜˜˜,2020,˜˜˜˜˜,13.4,18,540
˜˜˜˜˜˜˜˜˜˜˜˜ ˜˜˜˜,2020,˜˜˜˜˜,8.5,18,540
˜˜˜˜˜˜˜˜˜ ˜˜˜˜˜˜˜,2020,˜˜˜˜˜,9.5,18,540
˜˜˜˜˜˜˜˜˜˜˜ ˜˜˜˜˜˜˜,2020,˜˜˜˜˜,22.6,18,540
˜˜˜˜˜˜˜˜˜˜˜˜˜ ˜˜˜˜˜˜˜,2020,˜˜˜˜˜,7.3,18,540
˜˜˜˜˜˜ ˜˜˜˜˜˜˜,2020,˜˜˜˜˜,13.1,18,540
˜˜˜˜˜˜˜˜˜˜˜˜ ˜˜˜˜˜˜˜,2021,˜˜˜˜˜,22.2,18,540
˜˜˜˜˜˜˜˜˜˜˜ ˜˜˜˜˜˜˜,2021,˜˜˜˜˜,18.1,18,540
˜˜˜˜˜˜˜ ˜˜˜˜˜˜˜,2021,˜˜˜˜˜,22.5,18,540
˜˜˜˜˜˜˜˜ ˜˜˜˜˜˜˜,2021,˜˜˜˜˜,21.4,18,540
˜˜˜˜˜˜˜˜˜ ˜˜˜˜˜˜˜,2021,˜˜˜˜˜,18.7,18,540
˜˜˜˜˜˜˜˜˜˜ ˜˜˜˜˜˜˜,2021,˜˜˜˜˜,22.7,18,540
˜˜˜˜˜˜˜˜ ˜˜˜˜˜˜˜,2021,˜˜˜˜˜,23.9,18,540
˜˜˜˜˜˜˜˜˜˜ ˜˜˜˜˜˜˜˜,2021,˜˜˜˜˜,14.5,18,540
˜˜˜˜˜˜˜˜˜˜ ˜˜˜˜,2021,˜˜˜˜˜,21.5,18,540
˜˜˜˜˜˜˜˜˜˜˜˜˜ ˜˜˜˜,2021,˜˜˜˜˜,22.4,18,540
˜˜˜˜˜˜˜˜˜˜˜˜˜ ˜˜˜˜˜˜˜,2021,˜˜˜˜˜,12.2,18,540
˜˜˜˜˜˜˜˜˜˜ ˜˜˜˜˜˜˜,2021,˜˜˜˜˜,18.4,18,540
˜˜˜˜˜˜˜˜˜˜ ˜˜˜˜˜˜˜˜,2021,˜˜˜˜˜,15,18,540
˜˜˜˜˜˜˜˜˜-˜˜˜˜˜˜˜˜˜˜ ˜˜˜˜˜˜˜˜˜˜,2021,˜˜˜˜˜,15.6,18,540
˜˜˜˜˜˜˜˜˜ ˜˜˜˜˜˜˜˜˜˜,2021,˜˜˜˜˜,14.9,18,540
˜˜˜˜˜˜˜˜˜˜˜˜˜˜ ˜˜˜˜,2021,˜˜˜˜˜,24.7,18,540
˜˜˜˜˜˜˜˜˜˜ ˜˜˜˜˜˜˜˜˜˜˜˜,2021,˜˜˜˜˜,8.2,18,540
˜˜˜˜˜˜˜˜˜˜ ˜˜˜˜˜˜˜˜,2021,˜˜˜˜˜,17.3,18,540
˜˜˜˜˜˜˜˜˜˜ ˜˜˜˜˜˜˜˜˜,2021,˜˜˜˜˜,10,18,540
˜˜˜˜˜˜˜˜˜ ˜˜˜˜˜˜˜˜˜˜,2021,˜˜˜˜˜,23.8,18,540
˜˜˜˜˜˜˜˜˜˜˜˜˜ ˜˜˜˜˜˜˜,2021,˜˜˜˜˜,8.5,18,540
˜˜˜˜˜˜˜˜˜˜ ˜˜˜˜˜˜˜,2021,˜˜˜˜˜,16.4,18,540
˜˜˜˜˜˜˜˜˜ ˜˜˜˜˜˜˜,2021,˜˜˜˜˜,13.2,18,540
˜˜˜˜˜˜˜˜˜˜˜ ˜˜˜˜˜˜˜,2021,˜˜˜˜˜,12,18,540
˜˜˜˜˜˜˜˜˜˜˜ ˜˜˜˜˜˜˜,2021,˜˜˜˜˜,10.3,18,540
˜˜˜˜˜˜˜˜˜˜˜ ˜˜˜˜˜˜˜,2021,˜˜˜˜˜,10,18,540
˜˜˜˜˜˜˜˜˜˜ ˜˜˜˜,2021,˜˜˜˜˜,10.7,18,540
˜˜˜˜˜˜˜˜˜ ˜˜˜˜,2021,˜˜˜˜˜,15.3,18,540
˜˜˜˜˜˜˜˜˜ ˜˜˜˜˜˜˜,2021,˜˜˜˜˜,12.5,18,540
˜˜˜˜˜˜˜˜˜˜˜˜˜ ˜˜˜˜˜˜˜,2021,˜˜˜˜˜,9.7,18,540
˜˜˜˜˜˜˜˜˜˜˜˜ ˜˜˜˜˜˜˜,2022,˜˜˜˜˜,36.2,18,540
˜˜˜˜˜˜˜˜ ˜˜˜˜˜˜˜,2022,˜˜˜˜˜,6,18,540
˜˜˜˜˜˜˜˜˜˜˜ ˜˜˜˜˜˜˜,2022,˜˜˜˜˜,18.1,18,540
˜˜˜˜˜˜˜ ˜˜˜˜˜˜˜,2022,˜˜˜˜˜,36.5,18,540
˜˜˜˜˜˜˜˜ ˜˜˜˜˜˜˜,2022,˜˜˜˜˜,31.7,18,540
˜˜˜˜˜˜˜˜˜ ˜˜˜˜˜˜˜,2022,˜˜˜˜˜,20.7,18,540
˜˜˜˜˜˜˜˜˜ ˜˜˜˜˜˜˜,2022,˜˜˜˜˜,,18,540
˜˜˜˜˜˜˜˜˜˜ ˜˜˜˜˜˜˜,2022,˜˜˜˜˜,3.8,18,540
˜˜˜˜˜˜˜˜˜˜ ˜˜˜˜˜˜˜,2022,˜˜˜˜˜,22.6,18,540
˜˜˜˜˜˜˜˜ ˜˜˜˜˜˜˜,2022,˜˜˜˜˜,10.5,18,540
˜˜˜˜˜˜˜˜˜˜˜˜˜˜˜ ˜˜˜˜˜˜˜,2022,˜˜˜˜˜,6.2,18,540
˜˜˜˜˜˜˜˜˜˜˜˜˜ ˜˜˜˜˜˜˜,2022,˜˜˜˜˜,11.9,18,540
˜˜˜˜˜˜˜˜˜˜ ˜˜˜˜˜˜˜,2022,˜˜˜˜˜,11.9,18,540
˜˜˜˜˜˜˜˜˜˜˜˜˜ ˜˜˜˜˜˜˜,2022,˜˜˜˜˜,,18,540
˜˜˜˜˜˜˜˜˜˜˜˜ ˜˜˜˜˜˜˜,2022,˜˜˜˜˜,11.8,18,540
˜˜˜˜˜˜˜˜˜˜ ˜˜˜˜˜˜˜,2022,˜˜˜˜˜,18.5,18,540
˜˜˜˜˜˜˜˜˜ ˜˜˜˜˜˜˜,2022,˜˜˜˜˜,18.2,18,540
˜˜˜˜˜˜˜˜˜˜˜ ˜˜˜˜˜˜˜,2022,˜˜˜˜˜,19,18,540
˜˜˜˜˜˜˜˜˜˜˜ ˜˜˜˜˜˜˜,2022,˜˜˜˜˜,13.2,18,540
˜˜˜˜˜˜˜˜˜˜ ˜˜˜˜˜˜˜,2022,˜˜˜˜˜,20.5,18,540
˜˜˜˜˜˜˜˜˜˜˜ ˜˜˜˜˜˜˜,2022,˜˜˜˜˜,6.8,18,540
˜˜˜˜˜˜˜˜˜ ˜˜˜˜˜˜˜,2022,˜˜˜˜˜,10.3,18,540
˜˜˜˜˜˜˜˜˜˜˜˜˜ ˜˜˜˜˜˜˜,2022,˜˜˜˜˜,9.1,18,540
˜˜˜˜˜˜˜˜˜˜ ˜˜˜˜˜˜,2020,˜˜˜,52.3,170,39100
˜˜˜˜˜˜˜˜˜˜ ˜˜˜˜˜˜˜˜,2020,˜˜˜,31.3,170,39100
˜˜˜˜˜˜˜˜˜˜˜˜˜ ˜˜˜˜,2020,˜˜˜,66.4,170,39100
˜˜˜˜˜˜˜˜˜˜˜˜ ˜˜˜˜˜˜˜,2020,˜˜˜,43.1,170,39100
˜˜˜˜˜˜˜˜˜˜ ˜˜˜˜˜˜˜,2020,˜˜˜,52.9,170,39100
˜˜˜˜˜˜˜˜˜˜ ˜˜˜˜˜˜˜˜,2020,˜˜˜,43.5,170,39100
˜˜˜˜˜˜˜˜˜ ˜˜˜˜˜˜˜˜˜˜,2020,˜˜˜,29.8,170,39100
˜˜˜˜˜˜˜˜˜˜ ˜˜˜˜,2020,˜˜˜,27,170,39100
˜˜˜˜˜˜˜˜˜ ˜˜˜˜˜˜˜˜˜˜ ˜˜˜˜˜˜˜,2020,˜˜˜,20.2,170,39100
˜˜˜˜˜˜˜˜˜˜ ˜˜˜˜˜˜,2021,˜˜˜,51.9,170,39100
˜˜˜˜˜˜˜˜˜˜ ˜˜˜˜˜˜˜˜,2021,˜˜˜,40.5,170,39100
˜˜˜˜˜˜˜˜˜˜˜˜˜ ˜˜˜˜,2021,˜˜˜,64.3,170,39100
˜˜˜˜˜˜˜˜˜˜˜˜ ˜˜˜˜˜˜˜,2021,˜˜˜,47.5,170,39100
˜˜˜˜˜˜˜˜˜˜ ˜˜˜˜˜˜˜,2021,˜˜˜,63.4,170,39100
˜˜˜˜˜˜˜˜˜˜ ˜˜˜˜˜˜˜˜,2021,˜˜˜,45.1,170,39100
˜˜˜˜˜˜˜˜˜ ˜˜˜˜˜˜˜˜˜˜,2021,˜˜˜,28.2,170,39100
˜˜˜˜˜˜˜˜˜˜ ˜˜˜˜,2021,˜˜˜,24.8,170,39100
˜˜˜˜˜˜˜˜˜˜˜˜ ˜˜˜˜˜˜˜,2022,˜˜˜,46,170,39100
˜˜˜˜˜˜˜˜˜˜ ˜˜˜˜˜˜˜,2022,˜˜˜,55,170,39100
˜˜˜˜˜˜˜˜˜˜˜˜ ˜˜˜˜˜˜˜,2020,˜˜˜˜,29.8,500,30000
˜˜˜˜˜˜˜˜ ˜˜˜˜˜˜˜,2020,˜˜˜˜,25.2,500,30000
˜˜˜˜˜˜˜˜˜˜˜˜ ˜˜˜˜˜˜˜,2020,˜˜˜˜,22.1,500,30000
˜˜˜˜˜˜˜˜˜˜˜ ˜˜˜˜˜˜˜,2020,˜˜˜˜,23.1,500,30000
˜˜˜˜˜˜˜˜˜˜ ˜˜˜˜˜˜˜,2020,˜˜˜˜,18.3,500,30000
˜˜˜˜˜˜˜˜˜ ˜˜˜˜˜˜˜,2020,˜˜˜˜,18.5,500,30000
˜˜˜˜˜˜˜˜˜˜˜ ˜˜˜˜˜˜˜,2020,˜˜˜˜,14.3,500,30000
˜˜˜˜˜˜˜ ˜˜˜˜˜˜˜,2020,˜˜˜˜,33.2,500,30000
˜˜˜˜˜˜˜˜ ˜˜˜˜˜˜˜,2020,˜˜˜˜,32.9,500,30000
˜˜˜˜˜˜˜˜˜˜ ˜˜˜˜˜˜˜,2020,˜˜˜˜,21,500,30000
˜˜˜˜˜˜˜˜˜ ˜˜˜˜˜˜˜,2020,˜˜˜˜,28.5,500,30000
˜˜˜˜˜˜˜˜˜ ˜˜˜˜˜˜˜,2020,˜˜˜˜,26.8,500,30000
˜˜˜˜˜˜˜˜˜˜ ˜˜˜˜˜˜˜,2020,˜˜˜˜,16.9,500,30000
˜˜˜˜˜˜˜˜˜˜ ˜˜˜˜˜˜˜,2020,˜˜˜˜,32,500,30000
˜˜˜˜˜˜˜˜ ˜˜˜˜˜˜˜,2020,˜˜˜˜,10.8,500,30000
˜˜˜˜˜˜˜˜ ˜˜˜˜˜˜˜,2020,˜˜˜˜,30.4,500,30000
˜˜˜˜˜˜˜˜˜˜˜ ˜˜˜˜˜˜˜,2020,˜˜˜˜,12.2,500,30000
˜˜˜˜˜˜˜˜˜˜˜ ˜˜˜˜˜˜˜,2020,˜˜˜˜,14.6,500,30000
˜˜˜˜˜˜˜˜˜˜˜˜˜˜˜ ˜˜˜˜˜˜˜,2020,˜˜˜˜,41,500,30000
˜˜˜˜˜˜˜˜˜˜˜˜˜ ˜˜˜˜˜˜˜,2020,˜˜˜˜,32.6,500,30000
˜˜˜˜˜˜˜˜˜˜˜˜ ˜˜˜˜˜˜˜,2020,˜˜˜˜,12.6,500,30000
˜˜˜˜˜˜˜˜˜ ˜˜˜˜˜˜˜,2020,˜˜˜˜,17.1,500,30000
˜˜˜˜˜˜˜˜˜˜˜˜˜ ˜˜˜˜,2020,˜˜˜˜,32.4,500,30000
˜˜˜˜˜˜˜˜˜˜˜˜ ˜˜˜˜˜˜˜,2020,˜˜˜˜,31,500,30000
˜˜˜˜˜˜˜˜˜˜˜˜˜ ˜˜˜˜˜˜˜,2020,˜˜˜˜,9.8,500,30000
˜˜˜˜˜˜˜˜˜˜ ˜˜˜˜˜˜˜,2020,˜˜˜˜,18.7,500,30000
˜. ˜˜˜˜˜˜˜˜˜˜˜,2020,˜˜˜˜,13.5,500,30000
˜˜˜˜˜˜˜˜˜ ˜˜˜˜˜˜˜,2020,˜˜˜˜,19.1,500,30000
˜˜˜˜˜˜˜˜˜˜˜˜˜ ˜˜˜˜˜˜˜,2020,˜˜˜˜,18.3,500,30000
˜˜˜˜˜˜˜˜˜˜˜˜ ˜˜˜˜˜˜˜,2020,˜˜˜˜,10.9,500,30000
˜˜˜˜˜˜˜˜˜˜ ˜˜˜˜˜˜˜,2020,˜˜˜˜,21,500,30000
˜˜˜˜˜˜˜˜˜ ˜˜˜˜˜˜˜,2020,˜˜˜˜,17.4,500,30000
˜˜˜˜˜˜˜˜˜˜˜ ˜˜˜˜˜˜˜,2020,˜˜˜˜,17.3,500,30000
˜˜˜˜˜˜˜˜˜˜˜ ˜˜˜˜˜˜˜,2020,˜˜˜˜,19.2,500,30000
˜˜˜˜˜˜˜˜˜˜ ˜˜˜˜˜˜˜,2020,˜˜˜˜,11,500,30000
˜˜˜˜˜˜˜˜˜˜˜˜ ˜˜˜˜˜˜˜,2020,˜˜˜˜,16.3,500,30000
˜˜˜˜˜˜˜˜˜ ˜˜˜˜˜˜˜,2020,˜˜˜˜,17.6,500,30000
˜˜˜˜˜˜˜˜˜˜˜ ˜˜˜˜˜˜˜,2020,˜˜˜˜,8,500,30000
˜˜˜˜˜˜˜˜˜˜˜˜ ˜˜˜˜,2020,˜˜˜˜,26.2,500,30000
˜˜˜˜˜˜˜˜˜ ˜˜˜˜˜˜˜,2020,˜˜˜˜,19,500,30000
˜˜˜˜˜˜˜˜˜˜˜ ˜˜˜˜˜˜˜,2020,˜˜˜˜,19.1,500,30000
˜˜˜˜˜˜˜˜˜˜˜˜˜ ˜˜˜˜˜˜˜,2020,˜˜˜˜,13.7,500,30000
˜˜˜˜˜˜ ˜˜˜˜˜˜˜,2020,˜˜˜˜,15.8,500,30000
˜˜˜˜˜˜˜ ˜˜˜˜˜˜˜,2020,˜˜˜˜,20.5,500,30000
˜˜˜˜˜˜˜˜ ˜˜˜˜˜˜˜,2020,˜˜˜˜,16.2,500,30000
˜˜˜˜˜˜˜˜˜ ˜˜˜˜˜˜˜˜˜˜ ˜˜˜˜˜˜˜,2020,˜˜˜˜,15.2,500,30000
˜˜˜˜˜˜˜˜˜˜˜˜ ˜˜˜˜˜˜˜,2021,˜˜˜˜,28.2,500,30000
˜˜˜˜˜˜˜˜ ˜˜˜˜˜˜˜,2021,˜˜˜˜,23.5,500,30000
˜˜˜˜˜˜˜˜˜˜˜˜ ˜˜˜˜˜˜˜,2021,˜˜˜˜,14.5,500,30000
˜˜˜˜˜˜˜˜˜˜˜ ˜˜˜˜˜˜˜,2021,˜˜˜˜,26.7,500,30000
˜˜˜˜˜˜˜˜˜˜ ˜˜˜˜˜˜˜,2021,˜˜˜˜,10.5,500,30000
˜˜˜˜˜˜˜˜˜ ˜˜˜˜˜˜˜,2021,˜˜˜˜,16.5,500,30000
˜˜˜˜˜˜˜˜˜˜˜ ˜˜˜˜˜˜˜,2021,˜˜˜˜,8.7,500,30000
˜˜˜˜˜˜˜ ˜˜˜˜˜˜˜,2021,˜˜˜˜,30.7,500,30000
˜˜˜˜˜˜˜˜ ˜˜˜˜˜˜˜,2021,˜˜˜˜,26,500,30000
˜˜˜˜˜˜˜˜˜˜ ˜˜˜˜˜˜˜,2021,˜˜˜˜,18.1,500,30000
˜˜˜˜˜˜˜˜˜ ˜˜˜˜˜˜˜,2021,˜˜˜˜,26,500,30000
˜˜˜˜˜˜˜˜˜ ˜˜˜˜˜˜˜,2021,˜˜˜˜,21.9,500,30000
˜˜˜˜˜˜˜˜˜˜ ˜˜˜˜˜˜˜,2021,˜˜˜˜,15,500,30000
˜˜˜˜˜˜˜˜˜˜ ˜˜˜˜˜˜˜,2021,˜˜˜˜,25.8,500,30000
˜˜˜˜˜˜˜˜ ˜˜˜˜˜˜˜,2021,˜˜˜˜,9.7,500,30000
˜˜˜˜˜˜˜˜ ˜˜˜˜˜˜˜,2021,˜˜˜˜,25.5,500,30000
˜˜˜˜˜˜˜˜˜˜˜ ˜˜˜˜˜˜˜,2021,˜˜˜˜,8.4,500,30000
˜˜˜˜˜˜˜˜˜˜˜˜ ˜˜˜˜˜˜˜,2021,˜˜˜˜,10.1,500,30000
˜˜˜˜˜˜˜˜˜ ˜˜˜˜˜˜˜,2021,˜˜˜˜,12.2,500,30000
˜˜˜˜˜˜˜˜˜˜˜˜ ˜˜˜˜˜˜˜,2021,˜˜˜˜,38,500,30000
˜˜˜˜˜˜˜˜˜˜˜˜˜ ˜˜˜˜˜˜˜,2021,˜˜˜˜,13.9,500,30000
˜˜˜˜˜˜˜˜˜˜ ˜˜˜˜˜˜˜,2021,˜˜˜˜,24.1,500,30000
˜. ˜˜˜˜˜˜˜˜˜˜˜,2021,˜˜˜˜,13.4,500,30000
˜˜˜˜˜˜˜˜˜ ˜˜˜˜˜˜˜,2021,˜˜˜˜,16,500,30000
˜˜˜˜˜˜˜˜˜˜˜˜˜ ˜˜˜˜˜˜˜,2021,˜˜˜˜,13.6,500,30000
˜˜˜˜˜˜˜˜˜˜˜˜ ˜˜˜˜˜˜˜,2021,˜˜˜˜,6.4,500,30000
˜˜˜˜˜˜˜˜˜˜ ˜˜˜˜˜˜˜,2021,˜˜˜˜,15.4,500,30000
˜˜˜˜˜˜˜˜˜ ˜˜˜˜˜˜˜,2021,˜˜˜˜,12.4,500,30000
˜˜˜˜˜˜˜˜˜˜˜ ˜˜˜˜˜˜˜,2021,˜˜˜˜,16.1,500,30000
˜˜˜˜˜˜˜˜˜˜˜ ˜˜˜˜˜˜˜,2021,˜˜˜˜,13.6,500,30000
˜˜˜˜˜˜˜˜˜˜ ˜˜˜˜˜˜˜,2021,˜˜˜˜,10.4,500,30000
˜˜˜˜˜˜˜˜˜˜˜˜ ˜˜˜˜˜˜˜,2021,˜˜˜˜,14.9,500,30000
˜˜˜˜˜˜˜˜˜ ˜˜˜˜˜˜˜,2021,˜˜˜˜,17.3,500,30000
˜˜˜˜˜˜˜˜˜˜˜ ˜˜˜˜˜˜˜,2021,˜˜˜˜,8.8,500,30000
˜˜˜˜˜˜˜˜˜ ˜˜˜˜˜˜˜,2021,˜˜˜˜,22.9,500,30000
˜˜˜˜˜˜˜˜˜˜˜ ˜˜˜˜˜˜˜,2021,˜˜˜˜,22.2,500,30000
˜˜˜˜˜˜˜˜˜˜˜˜˜ ˜˜˜˜˜˜˜,2021,˜˜˜˜,19.3,500,30000
˜˜˜˜˜˜ ˜˜˜˜˜˜˜,2021,˜˜˜˜,15.1,500,30000
˜˜˜˜˜˜˜ ˜˜˜˜˜˜˜,2021,˜˜˜˜,23.4,500,30000
˜˜˜˜˜˜˜˜ ˜˜˜˜˜˜˜,2021,˜˜˜˜,17.1,500,30000
˜˜˜˜˜˜˜˜˜ ˜˜˜˜˜˜˜˜˜˜ ˜˜˜˜˜˜˜,2021,˜˜˜˜,13.7,500,30000
˜˜˜˜˜˜˜˜˜˜˜˜ ˜˜˜˜˜˜˜,2022,˜˜˜˜,31.9,500,30000
˜˜˜˜˜˜˜˜ ˜˜˜˜˜˜˜,2022,˜˜˜˜,25.3,500,30000
˜˜˜˜˜˜˜˜˜˜˜˜ ˜˜˜˜˜˜˜,2022,˜˜˜˜,17.9,500,30000
˜˜˜˜˜˜˜˜˜˜˜ ˜˜˜˜˜˜˜,2022,˜˜˜˜,27.3,500,30000
˜˜˜˜˜˜˜˜˜˜ ˜˜˜˜˜˜˜,2022,˜˜˜˜,7.9,500,30000
˜˜˜˜˜˜˜˜˜ ˜˜˜˜˜˜˜,2022,˜˜˜˜,22.2,500,30000
˜˜˜˜˜˜˜˜˜˜˜ ˜˜˜˜˜˜˜,2022,˜˜˜˜,17.5,500,30000
˜˜˜˜˜˜˜ ˜˜˜˜˜˜˜,2022,˜˜˜˜,36.3,500,30000
˜˜˜˜˜˜˜˜ ˜˜˜˜˜˜˜,2022,˜˜˜˜,26.8,500,30000
˜˜˜˜˜˜˜˜˜˜ ˜˜˜˜˜˜˜,2022,˜˜˜˜,28.9,500,30000
˜˜˜˜˜˜˜˜˜ ˜˜˜˜˜˜˜,2022,˜˜˜˜,33,500,30000
˜˜˜˜˜˜˜˜˜ ˜˜˜˜˜˜˜,2022,˜˜˜˜,27,500,30000
˜˜˜˜˜˜˜˜˜˜ ˜˜˜˜˜˜˜,2022,˜˜˜˜,19,500,30000
˜˜˜˜˜˜˜˜˜˜ ˜˜˜˜˜˜˜,2022,˜˜˜˜,29.5,500,30000
˜˜˜˜˜˜˜˜ ˜˜˜˜˜˜˜,2022,˜˜˜˜,16.2,500,30000
˜˜˜˜˜˜˜˜ ˜˜˜˜˜˜˜,2022,˜˜˜˜,30.3,500,30000
˜˜˜˜˜˜˜˜˜˜˜ ˜˜˜˜˜˜˜,2022,˜˜˜˜,16.8,500,30000
˜˜˜˜˜˜˜˜˜˜˜˜˜ ˜˜˜˜˜˜˜,2022,˜˜˜˜,15.7,500,30000
˜˜˜˜˜˜˜˜˜˜˜ ˜˜˜˜˜˜˜,2022,˜˜˜˜,17.3,500,30000
˜˜˜˜˜˜˜˜˜˜˜˜˜˜˜ ˜˜˜˜˜˜˜,2022,˜˜˜˜,44.9,500,30000
˜˜˜˜˜˜˜˜˜˜˜˜˜ ˜˜˜˜˜˜˜,2022,˜˜˜˜,35.1,500,30000
˜˜˜˜˜˜˜˜˜˜˜˜ ˜˜˜˜˜˜˜,2022,˜˜˜˜,19.4,500,30000
˜˜˜˜˜˜˜˜˜ ˜˜˜˜˜˜˜,2022,˜˜˜˜,19.7,500,30000
˜˜˜˜˜˜˜˜˜˜˜˜ ˜˜˜˜˜˜˜,2022,˜˜˜˜,23.7,500,30000
˜˜˜˜˜˜˜˜˜˜˜˜˜ ˜˜˜˜˜˜˜,2022,˜˜˜˜,15.8,500,30000
˜˜˜˜˜˜˜˜˜˜ ˜˜˜˜˜˜˜,2022,˜˜˜˜,20.9,500,30000
˜. ˜˜˜˜˜˜˜˜˜˜˜,2022,˜˜˜˜,,500,30000
˜˜˜˜˜˜˜˜˜ ˜˜˜˜˜˜˜,2022,˜˜˜˜,23.9,500,30000
˜˜˜˜˜˜˜˜˜˜˜˜˜ ˜˜˜˜˜˜˜,2022,˜˜˜˜,19,500,30000
˜˜˜˜˜˜˜˜˜˜˜˜ ˜˜˜˜˜˜˜,2022,˜˜˜˜,15.3,500,30000
˜˜˜˜˜˜˜˜˜˜ ˜˜˜˜˜˜˜,2022,˜˜˜˜,20.7,500,30000
˜˜˜˜˜˜˜˜˜ ˜˜˜˜˜˜˜,2022,˜˜˜˜,20.6,500,30000
˜˜˜˜˜˜˜˜˜˜˜ ˜˜˜˜˜˜˜,2022,˜˜˜˜,19.1,500,30000
˜˜˜˜˜˜˜˜˜˜˜ ˜˜˜˜˜˜˜,2022,˜˜˜˜,22.8,500,30000
˜˜˜˜˜˜˜˜˜˜ ˜˜˜˜˜˜˜,2022,˜˜˜˜,21.5,500,30000
˜˜˜˜˜˜˜˜˜˜˜˜ ˜˜˜˜˜˜˜,2022,˜˜˜˜,24.5,500,30000
˜˜˜˜˜˜˜˜˜ ˜˜˜˜˜˜˜,2022,˜˜˜˜,26.6,500,30000
˜˜˜˜˜˜˜˜˜˜˜ ˜˜˜˜˜˜˜,2022,˜˜˜˜,15.3,500,30000
˜˜˜˜˜˜˜˜˜ ˜˜˜˜˜˜˜,2022,˜˜˜˜,22.4,500,30000
˜˜˜˜˜˜˜˜˜˜˜ ˜˜˜˜˜˜˜ - ˜˜˜˜˜˜˜,2022,˜˜˜˜,26,500,30000
˜˜˜˜˜˜˜˜˜˜˜˜˜ ˜˜˜˜˜˜˜,2022,˜˜˜˜,20.4,500,30000
˜˜˜˜˜˜ ˜˜˜˜˜˜˜,2022,˜˜˜˜,17.4,500,30000
˜˜˜˜˜˜˜ ˜˜˜˜˜˜˜,2022,˜˜˜˜,24.4,500,30000
˜˜˜˜˜˜˜˜ ˜˜˜˜˜˜˜,2022,˜˜˜˜,18,500,30000
˜˜˜˜˜˜˜˜˜ ˜˜˜˜˜˜˜˜˜˜ ˜˜˜˜˜˜˜,2022,˜˜˜˜,12.8,500,30000
˜˜˜˜˜˜˜˜ ˜˜˜˜˜˜˜,2021,˜˜˜˜˜˜˜ ˜˜˜˜˜˜˜,10.5,300,9000
˜˜˜˜˜˜˜˜˜˜ ˜˜˜˜˜˜˜,2021,˜˜˜˜˜˜˜ ˜˜˜˜˜˜˜,67.7,300,9000
˜˜˜˜˜˜˜˜˜ ˜˜˜˜˜˜˜,2021,˜˜˜˜˜˜˜ ˜˜˜˜˜˜˜,5.8,300,9000
˜˜˜˜˜˜˜˜˜˜˜˜˜ ˜˜˜˜˜˜˜,2021,˜˜˜˜˜˜˜ ˜˜˜˜˜˜˜,41.3,300,9000
˜˜˜˜˜˜˜˜˜˜ ˜˜˜˜˜˜˜,2021,˜˜˜˜˜˜˜ ˜˜˜˜˜˜˜,40.7,300,9000
˜˜˜˜˜˜˜˜˜˜˜˜˜ ˜˜˜˜˜˜˜,2021,˜˜˜˜˜˜˜ ˜˜˜˜˜˜˜,3.7,300,9000
˜˜˜˜˜˜˜ ˜˜˜˜˜˜˜,2022,˜˜˜˜˜˜˜ ˜˜˜˜˜˜˜,28.9,300,9000
˜˜˜˜˜˜˜˜˜ ˜˜˜˜˜˜˜,2022,˜˜˜˜˜˜˜ ˜˜˜˜˜˜˜,3.4,300,9000
˜˜˜˜˜˜˜˜˜˜˜ ˜˜˜˜˜˜˜,2022,˜˜˜˜˜˜˜ ˜˜˜˜˜˜˜,1.3,300,9000
˜˜˜˜˜˜˜˜˜ ˜˜˜˜˜˜˜,2022,˜˜˜˜˜˜˜ ˜˜˜˜˜˜˜,12.4,300,9000
˜˜˜˜˜˜˜˜˜ ˜˜˜˜˜˜˜,2022,˜˜˜˜˜˜˜ ˜˜˜˜˜˜˜,2.1,300,9000
˜˜˜˜˜˜˜˜˜˜˜˜˜ ˜˜˜˜˜˜˜,2022,˜˜˜˜˜˜˜ ˜˜˜˜˜˜˜,12.4,300,9000
˜˜˜˜˜˜˜˜ ˜˜˜˜˜˜˜,2020,˜˜˜˜˜˜˜ ˜˜˜˜˜˜˜,29.9,300,9000
˜˜˜˜˜˜˜˜˜˜ ˜˜˜˜˜˜˜,2020,˜˜˜˜˜˜˜ ˜˜˜˜˜˜˜,18.6,300,9000
˜˜˜˜˜˜˜˜˜ ˜˜˜˜˜˜˜,2020,˜˜˜˜˜˜˜ ˜˜˜˜˜˜˜,22.9,300,9000
˜˜˜˜˜˜˜˜˜˜˜ ˜˜˜˜˜˜˜,2020,˜˜˜˜˜˜˜ ˜˜˜˜˜˜˜,24,300,9000
˜˜˜˜˜˜˜˜˜ ˜˜˜˜˜˜˜,2020,˜˜˜˜˜˜˜ ˜˜˜˜˜˜˜,62.5,300,9000
˜˜˜˜˜˜˜˜˜˜˜˜˜ ˜˜˜˜˜˜˜,2020,˜˜˜˜˜˜˜ ˜˜˜˜˜˜˜,30.8,300,9000
˜˜˜˜˜˜˜˜˜˜ ˜˜˜˜˜˜˜,2020,˜˜˜˜˜˜˜ ˜˜˜˜˜˜˜,24.6,300,9000
˜˜˜˜˜˜˜˜˜˜˜˜˜ ˜˜˜˜˜˜˜,2020,˜˜˜˜˜˜˜ ˜˜˜˜˜˜˜,10.2,300,9000
˜˜˜˜˜˜˜˜˜˜˜˜ ˜˜˜˜˜˜˜,2020,˜˜˜˜˜˜˜,146.7,50,250
˜˜˜˜˜˜˜˜ ˜˜˜˜˜˜˜,2020,˜˜˜˜˜˜˜,248.4,50,250
˜˜˜˜˜˜˜˜˜˜˜˜ ˜˜˜˜˜˜˜,2020,˜˜˜˜˜˜˜,146.4,50,250
˜˜˜˜˜˜˜˜˜˜˜ ˜˜˜˜˜˜˜,2020,˜˜˜˜˜˜˜,234.6,50,250
˜˜˜˜˜˜˜˜˜˜ ˜˜˜˜˜˜˜,2020,˜˜˜˜˜˜˜,189.6,50,250
˜˜˜˜˜˜˜˜˜ ˜˜˜˜˜˜˜,2020,˜˜˜˜˜˜˜,260.3,50,250
˜˜˜˜˜˜˜˜˜˜˜ ˜˜˜˜˜˜˜,2020,˜˜˜˜˜˜˜,341.0,50,250
˜˜˜˜˜˜˜ ˜˜˜˜˜˜˜,2020,˜˜˜˜˜˜˜,158.0,50,250
˜˜˜˜˜˜˜˜ ˜˜˜˜˜˜˜,2020,˜˜˜˜˜˜˜,217.2,50,250
˜˜˜˜˜˜˜˜˜˜ ˜˜˜˜˜˜˜,2020,˜˜˜˜˜˜˜,196.7,50,250
˜˜˜˜˜˜˜˜˜ ˜˜˜˜˜˜˜,2020,˜˜˜˜˜˜˜,234.5,50,250
˜˜˜˜˜˜˜˜˜ ˜˜˜˜˜˜˜,2020,˜˜˜˜˜˜˜,182.8,50,250
˜˜˜˜˜˜˜˜˜˜ ˜˜˜˜˜˜˜,2020,˜˜˜˜˜˜˜,198.4,50,250
˜˜˜˜˜˜˜˜˜˜ ˜˜˜˜˜˜˜,2020,˜˜˜˜˜˜˜,207.7,50,250
˜˜˜˜˜˜˜˜ ˜˜˜˜˜˜˜,2020,˜˜˜˜˜˜˜,299.3,50,250
˜˜˜˜˜˜˜˜ ˜˜˜˜˜˜˜,2020,˜˜˜˜˜˜˜,246.1,50,250
˜˜˜˜˜˜˜˜˜˜˜ ˜˜˜˜˜˜˜,2020,˜˜˜˜˜˜˜,120.2,50,250
˜. ˜˜˜˜˜˜,2020,˜˜˜˜˜˜˜,163.3,50,250
˜˜˜˜˜˜˜˜˜˜˜˜˜ ˜˜˜˜˜˜˜,2020,˜˜˜˜˜˜˜,278.1,50,250
˜˜˜˜˜˜˜˜˜˜˜ ˜˜˜˜˜˜˜,2020,˜˜˜˜˜˜˜,351.6,50,250
˜˜˜˜˜˜˜˜˜˜˜˜˜˜˜ ˜˜˜˜˜˜˜,2020,˜˜˜˜˜˜˜,294.7,50,250
˜˜˜˜˜˜˜˜˜˜˜˜˜ ˜˜˜˜˜˜˜,2020,˜˜˜˜˜˜˜,289.3,50,250
˜˜˜˜˜˜˜˜˜˜ ˜˜˜˜˜˜˜,2020,˜˜˜˜˜˜˜,186.9,50,250
˜˜˜˜˜˜˜˜˜˜˜˜ ˜˜˜˜˜˜˜,2020,˜˜˜˜˜˜˜,272.3,50,250
˜˜˜˜˜˜˜˜˜ ˜˜˜˜˜˜˜,2020,˜˜˜˜˜˜˜,235.2,50,250
˜˜˜˜˜˜˜˜˜˜˜˜ ˜˜˜˜˜˜˜,2020,˜˜˜˜˜˜˜,527.3,50,250
˜˜˜˜˜˜˜˜˜˜˜˜˜ ˜˜˜˜˜˜˜,2020,˜˜˜˜˜˜˜,249.7,50,250
˜˜˜˜˜˜˜˜˜˜ ˜˜˜˜˜˜˜,2020,˜˜˜˜˜˜˜,154.1,50,250
˜. ˜˜˜˜˜˜˜˜˜˜˜,2020,˜˜˜˜˜˜˜,121.2,50,250
˜˜˜˜˜˜˜˜˜ ˜˜˜˜˜˜˜,2020,˜˜˜˜˜˜˜,329.7,50,250
˜˜˜˜˜˜˜˜˜˜˜˜˜ ˜˜˜˜˜˜˜,2020,˜˜˜˜˜˜˜,330.4,50,250
˜˜˜˜˜˜˜˜˜˜˜˜ ˜˜˜˜˜˜˜,2020,˜˜˜˜˜˜˜,293.2,50,250
˜˜˜˜˜˜˜˜˜˜ ˜˜˜˜˜˜˜,2020,˜˜˜˜˜˜˜,224.4,50,250
˜˜˜˜˜˜˜˜˜ ˜˜˜˜˜˜˜,2020,˜˜˜˜˜˜˜,156.3,50,250
˜˜˜˜˜˜˜˜˜˜˜ ˜˜˜˜˜˜˜,2020,˜˜˜˜˜˜˜,237.5,50,250
˜˜˜˜˜˜˜˜˜˜˜ ˜˜˜˜˜˜˜,2020,˜˜˜˜˜˜˜,205.9,50,250
˜˜˜˜˜˜˜˜˜˜ ˜˜˜˜˜˜˜,2020,˜˜˜˜˜˜˜,177.5,50,250
˜˜˜˜˜˜˜˜˜˜˜˜ ˜˜˜˜˜˜˜,2020,˜˜˜˜˜˜˜,317.8,50,250
˜˜˜˜˜˜˜˜˜ ˜˜˜˜˜˜˜,2020,˜˜˜˜˜˜˜,175.1,50,250
˜˜˜˜˜˜˜˜˜˜˜ ˜˜˜˜˜˜˜,2020,˜˜˜˜˜˜˜,161.5,50,250
˜˜˜˜˜˜˜˜˜ ˜˜˜˜˜˜˜,2020,˜˜˜˜˜˜˜,278.8,50,250
˜˜˜˜˜˜˜˜˜˜˜ ˜˜˜˜˜˜˜,2020,˜˜˜˜˜˜˜,261.4,50,250
˜˜˜˜˜˜˜˜˜˜˜˜˜ ˜˜˜˜˜˜˜,2020,˜˜˜˜˜˜˜,343.7,50,250
˜˜˜˜˜˜ ˜˜˜˜˜˜˜,2020,˜˜˜˜˜˜˜,287.2,50,250
˜˜˜˜˜˜˜ ˜˜˜˜˜˜˜,2020,˜˜˜˜˜˜˜,319.4,50,250
˜˜˜˜˜˜˜˜ ˜˜˜˜˜˜˜,2020,˜˜˜˜˜˜˜,201.1,50,250
˜˜˜˜˜˜˜˜˜˜˜ ˜˜˜˜˜˜˜,2020,˜˜˜˜˜˜˜,79.7,50,250
˜˜˜˜˜˜˜˜˜˜˜ ˜˜˜˜˜˜˜,2020,˜˜˜˜˜˜˜,208.7,50,250
˜˜˜˜˜˜˜˜˜ ˜˜˜˜˜˜˜˜˜˜ ˜˜˜˜˜˜˜,2020,˜˜˜˜˜˜˜,227.7,50,250
˜˜˜˜˜˜˜˜˜˜˜˜ ˜˜˜˜˜˜˜,2021,˜˜˜˜˜˜˜,126.2,50,250
˜˜˜˜˜˜˜˜ ˜˜˜˜˜˜˜,2021,˜˜˜˜˜˜˜,242.1,50,250
˜˜˜˜˜˜˜˜˜˜˜˜ ˜˜˜˜˜˜˜,2021,˜˜˜˜˜˜˜,163.7,50,250
˜˜˜˜˜˜˜˜˜˜˜ ˜˜˜˜˜˜˜,2021,˜˜˜˜˜˜˜,237.8,50,250
˜˜˜˜˜˜˜˜˜˜ ˜˜˜˜˜˜˜,2021,˜˜˜˜˜˜˜,224.9,50,250
˜˜˜˜˜˜˜˜˜ ˜˜˜˜˜˜˜,2021,˜˜˜˜˜˜˜,283.8,50,250
˜˜˜˜˜˜˜˜˜˜˜ ˜˜˜˜˜˜˜,2021,˜˜˜˜˜˜˜,349.7,50,250
˜˜˜˜˜˜˜ ˜˜˜˜˜˜˜,2021,˜˜˜˜˜˜˜,178.8,50,250
˜˜˜˜˜˜˜˜ ˜˜˜˜˜˜˜,2021,˜˜˜˜˜˜˜,232.4,50,250
˜˜˜˜˜˜˜˜˜˜ ˜˜˜˜˜˜˜,2021,˜˜˜˜˜˜˜,197.5,50,250
˜˜˜˜˜˜˜˜˜ ˜˜˜˜˜˜˜,2021,˜˜˜˜˜˜˜,209.0,50,250
˜˜˜˜˜˜˜˜˜ ˜˜˜˜˜˜˜,2021,˜˜˜˜˜˜˜,255.4,50,250
˜˜˜˜˜˜˜˜˜˜ ˜˜˜˜˜˜˜,2021,˜˜˜˜˜˜˜,258.1,50,250
˜˜˜˜˜˜˜˜˜˜ ˜˜˜˜˜˜˜,2021,˜˜˜˜˜˜˜,221.9,50,250
˜˜˜˜˜˜˜˜ ˜˜˜˜˜˜˜,2021,˜˜˜˜˜˜˜,354.5,50,250
˜˜˜˜˜˜˜˜ ˜˜˜˜˜˜˜,2021,˜˜˜˜˜˜˜,221.8,50,250
˜˜˜˜˜˜˜˜˜˜˜ ˜˜˜˜˜˜˜,2021,˜˜˜˜˜˜˜,197.8,50,250
˜. ˜˜˜˜˜˜,2021,˜˜˜˜˜˜˜,182.7,50,250
˜˜˜˜˜˜˜˜˜˜˜˜˜ ˜˜˜˜˜˜˜,2021,˜˜˜˜˜˜˜,234.8,50,250
˜˜˜˜˜˜˜˜˜˜˜ ˜˜˜˜˜˜˜,2021,˜˜˜˜˜˜˜,341.8,50,250
˜˜˜˜˜˜˜˜˜˜˜˜˜˜˜ ˜˜˜˜˜˜˜,2021,˜˜˜˜˜˜˜,247.5,50,250
˜˜˜˜˜˜˜˜˜˜˜˜˜ ˜˜˜˜˜˜˜,2021,˜˜˜˜˜˜˜,332.3,50,250
˜˜˜˜˜˜˜˜˜˜ ˜˜˜˜˜˜˜,2021,˜˜˜˜˜˜˜,125.8,50,250
˜˜˜˜˜˜˜˜˜˜˜˜ ˜˜˜˜˜˜˜,2021,˜˜˜˜˜˜˜,302.0,50,250
˜˜˜˜˜˜˜˜˜ ˜˜˜˜˜˜˜,2021,˜˜˜˜˜˜˜,233.6,50,250
˜˜˜˜˜˜˜˜˜˜˜˜ ˜˜˜˜˜˜˜,2021,˜˜˜˜˜˜˜,525.1,50,250
˜˜˜˜˜˜˜˜˜˜˜˜˜ ˜˜˜˜˜˜˜,2021,˜˜˜˜˜˜˜,201.3,50,250
˜˜˜˜˜˜˜˜˜˜ ˜˜˜˜˜˜˜,2021,˜˜˜˜˜˜˜,157.9,50,250
˜. ˜˜˜˜˜˜˜˜˜˜˜,2021,˜˜˜˜˜˜˜,99.0,50,250
˜˜˜˜˜˜˜˜˜ ˜˜˜˜˜˜˜,2021,˜˜˜˜˜˜˜,643.9,50,250
˜˜˜˜˜˜˜˜˜˜˜˜˜ ˜˜˜˜˜˜˜,2021,˜˜˜˜˜˜˜,340.3,50,250
˜˜˜˜˜˜˜˜˜˜˜˜ ˜˜˜˜˜˜˜,2021,˜˜˜˜˜˜˜,327.1,50,250
˜˜˜˜˜˜˜˜˜˜ ˜˜˜˜˜˜˜,2021,˜˜˜˜˜˜˜,222.7,50,250
˜˜˜˜˜˜˜˜˜ ˜˜˜˜˜˜˜,2021,˜˜˜˜˜˜˜,179.8,50,250
˜˜˜˜˜˜˜˜˜˜˜ ˜˜˜˜˜˜˜,2021,˜˜˜˜˜˜˜,238.8,50,250
˜˜˜˜˜˜˜˜˜˜˜ ˜˜˜˜˜˜˜,2021,˜˜˜˜˜˜˜,209.5,50,250
˜˜˜˜˜˜˜˜˜˜ ˜˜˜˜˜˜˜,2021,˜˜˜˜˜˜˜,209.4,50,250
˜˜˜˜˜˜˜˜˜˜˜˜ ˜˜˜˜˜˜˜,2021,˜˜˜˜˜˜˜,376.1,50,250
˜˜˜˜˜˜˜˜˜ ˜˜˜˜˜˜˜,2021,˜˜˜˜˜˜˜,201.6,50,250
˜˜˜˜˜˜˜˜˜˜˜ ˜˜˜˜˜˜˜,2021,˜˜˜˜˜˜˜,146.5,50,250
˜˜˜˜˜˜˜˜˜ ˜˜˜˜˜˜˜,2021,˜˜˜˜˜˜˜,260.9,50,250
˜˜˜˜˜˜˜˜˜˜˜ ˜˜˜˜˜˜˜,2021,˜˜˜˜˜˜˜,254.4,50,250
˜˜˜˜˜˜˜˜˜˜˜˜˜ ˜˜˜˜˜˜˜,2021,˜˜˜˜˜˜˜,367.6,50,250
˜˜˜˜˜˜ ˜˜˜˜˜˜˜,2021,˜˜˜˜˜˜˜,309.4,50,250
˜˜˜˜˜˜˜ ˜˜˜˜˜˜˜,2021,˜˜˜˜˜˜˜,307.3,50,250
˜˜˜˜˜˜˜˜ ˜˜˜˜˜˜˜,2021,˜˜˜˜˜˜˜,201.7,50,250
˜˜˜˜˜˜˜˜˜˜˜ ˜˜˜˜˜˜˜,2021,˜˜˜˜˜˜˜,184.7,50,250
˜˜˜˜˜˜˜˜˜ ˜˜˜˜˜˜˜˜˜˜ ˜˜˜˜˜˜˜,2021,˜˜˜˜˜˜˜,240.2,50,250
˜˜˜˜˜˜˜˜˜˜˜˜ ˜˜˜˜˜˜˜,2022,˜˜˜˜˜˜˜,177.6,50,250
˜˜˜˜˜˜˜˜˜˜˜ ˜˜˜˜˜˜˜,2022,˜˜˜˜˜˜˜,233.3,50,250
˜˜˜˜˜˜˜˜˜˜ ˜˜˜˜˜˜˜,2022,˜˜˜˜˜˜˜,237.5,50,250
˜˜˜˜˜˜˜˜˜ ˜˜˜˜˜˜˜,2022,˜˜˜˜˜˜˜,217.5,50,250
˜˜˜˜˜˜˜˜˜˜˜ ˜˜˜˜˜˜˜,2022,˜˜˜˜˜˜˜,276.6,50,250
˜˜˜˜˜˜˜ ˜˜˜˜˜˜˜,2022,˜˜˜˜˜˜˜,168.8,50,250
˜˜˜˜˜˜˜˜ ˜˜˜˜˜˜˜,2022,˜˜˜˜˜˜˜,364.8,50,250
˜˜˜˜˜˜˜˜˜˜ ˜˜˜˜˜˜˜,2022,˜˜˜˜˜˜˜,229.9,50,250
˜˜˜˜˜˜˜˜˜ ˜˜˜˜˜˜˜,2022,˜˜˜˜˜˜˜,247.3,50,250
˜˜˜˜˜˜˜˜˜ ˜˜˜˜˜˜˜,2022,˜˜˜˜˜˜˜,241.4,50,250
˜˜˜˜˜˜˜˜˜˜ ˜˜˜˜˜˜˜,2022,˜˜˜˜˜˜˜,253.7,50,250
˜˜˜˜˜˜˜˜˜˜ ˜˜˜˜˜˜˜,2022,˜˜˜˜˜˜˜,196.1,50,250
˜˜˜˜˜˜˜˜ ˜˜˜˜˜˜˜,2022,˜˜˜˜˜˜˜,269.7,50,250
˜˜˜˜˜˜˜˜ ˜˜˜˜˜˜˜,2022,˜˜˜˜˜˜˜,225.5,50,250
˜˜˜˜˜˜˜˜˜˜˜ ˜˜˜˜˜˜˜,2022,˜˜˜˜˜˜˜,229.5,50,250
˜. ˜˜˜˜˜˜,2022,˜˜˜˜˜˜˜,241.8,50,250
˜˜˜˜˜˜˜˜˜˜˜ ˜˜˜˜˜˜˜,2022,˜˜˜˜˜˜˜,328.5,50,250
˜˜˜˜˜˜˜˜˜ ˜˜˜˜˜˜˜,2022,˜˜˜˜˜˜˜,234.0,50,250
˜˜˜˜˜˜˜˜˜˜˜˜ ˜˜˜˜˜˜˜,2022,˜˜˜˜˜˜˜,592.9,50,250
˜˜˜˜˜˜˜˜˜˜˜˜˜ ˜˜˜˜˜˜˜,2022,˜˜˜˜˜˜˜,267.0,50,250
˜˜˜˜˜˜˜˜˜˜ ˜˜˜˜˜˜˜,2022,˜˜˜˜˜˜˜,163.0,50,250
˜. ˜˜˜˜˜˜˜˜˜˜˜,2022,˜˜˜˜˜˜˜,99.1,50,250
˜˜˜˜˜˜˜˜˜ ˜˜˜˜˜˜˜,2022,˜˜˜˜˜˜˜,583.2,50,250
˜˜˜˜˜˜˜˜˜˜˜˜˜ ˜˜˜˜˜˜˜,2022,˜˜˜˜˜˜˜,354.3,50,250
˜˜˜˜˜˜˜˜˜˜˜˜ ˜˜˜˜˜˜˜,2022,˜˜˜˜˜˜˜,272.1,50,250
˜˜˜˜˜˜˜˜˜˜ ˜˜˜˜˜˜˜,2022,˜˜˜˜˜˜˜,220.1,50,250
˜˜˜˜˜˜˜˜˜ ˜˜˜˜˜˜˜,2022,˜˜˜˜˜˜˜,175.0,50,250
˜˜˜˜˜˜˜˜˜˜˜ ˜˜˜˜˜˜˜,2022,˜˜˜˜˜˜˜,229.1,50,250
˜˜˜˜˜˜˜˜˜˜˜ ˜˜˜˜˜˜˜,2022,˜˜˜˜˜˜˜,270.3,50,250
˜˜˜˜˜˜˜˜˜˜ ˜˜˜˜˜˜˜,2022,˜˜˜˜˜˜˜,198.6,50,250
˜˜˜˜˜˜˜˜˜˜˜˜ ˜˜˜˜˜˜˜,2022,˜˜˜˜˜˜˜,302.0,50,250
˜˜˜˜˜˜˜˜˜ ˜˜˜˜˜˜˜,2022,˜˜˜˜˜˜˜,347.4,50,250
˜˜˜˜˜˜˜˜˜˜˜ ˜˜˜˜˜˜˜,2022,˜˜˜˜˜˜˜,185.0,50,250
˜˜˜˜˜˜˜˜˜ ˜˜˜˜˜˜˜,2022,˜˜˜˜˜˜˜,262.6,50,250
˜˜˜˜˜˜˜˜˜˜˜ ˜˜˜˜˜˜˜ - ˜˜˜˜˜˜˜,2022,˜˜˜˜˜˜˜,273.0,50,250
˜˜˜˜˜˜˜˜˜˜˜˜˜ ˜˜˜˜˜˜˜,2022,˜˜˜˜˜˜˜,354.3,50,250
˜˜˜˜˜˜ ˜˜˜˜˜˜˜,2022,˜˜˜˜˜˜˜,412.3,50,250
˜˜˜˜˜˜˜ ˜˜˜˜˜˜˜,2022,˜˜˜˜˜˜˜,312.0,50,250
˜˜˜˜˜˜˜˜ ˜˜˜˜˜˜˜,2022,˜˜˜˜˜˜˜,244.3,50,250
˜˜˜˜˜˜˜˜˜˜˜ ˜˜˜˜˜˜˜,2022,˜˜˜˜˜˜˜,179.7,50,250
˜˜˜˜˜˜˜˜˜˜˜ ˜˜˜˜˜˜˜,2022,˜˜˜˜˜˜˜,209.2,50,250
˜˜˜˜˜˜˜˜˜ ˜˜˜˜˜˜˜˜˜˜ ˜˜˜˜˜˜˜,2022,˜˜˜˜˜˜˜,258.6,50,250
˜˜˜˜˜˜˜˜˜˜˜ ˜˜˜˜˜˜˜,2021,˜˜˜,14.6,90,4500
˜˜˜˜˜˜˜˜˜ ˜˜˜˜˜˜˜,2021,˜˜˜,10.4,90,4500
˜˜˜˜˜˜˜ ˜˜˜˜˜˜˜,2021,˜˜˜,17.0,90,4500
˜˜˜˜˜˜˜˜ ˜˜˜˜˜˜˜,2021,˜˜˜,15.6,90,4500
˜˜˜˜˜˜˜˜˜˜ ˜˜˜˜˜˜˜,2021,˜˜˜,13.7,90,4500
˜˜˜˜˜˜˜˜˜ ˜˜˜˜˜˜˜,2021,˜˜˜,17.6,90,4500
˜˜˜˜˜˜˜˜˜ ˜˜˜˜˜˜˜,2021,˜˜˜,15.4,90,4500
˜˜˜˜˜˜˜˜˜˜ ˜˜˜˜˜˜˜,2021,˜˜˜,18.1,90,4500
˜˜˜˜˜˜˜˜ ˜˜˜˜˜˜˜,2021,˜˜˜,15.0,90,4500
˜˜˜˜˜˜˜˜˜˜˜˜ ˜˜˜˜˜˜˜,2021,˜˜˜,28.3,90,4500
˜˜˜˜˜˜˜˜˜˜˜˜ ˜˜˜˜˜˜˜,2021,˜˜˜,14.1,90,4500
˜˜˜˜˜˜˜˜˜˜ ˜˜˜˜˜˜˜,2021,˜˜˜,17.8,90,4500
˜˜˜˜˜˜˜˜˜ ˜˜˜˜˜˜˜,2021,˜˜˜,15.3,90,4500
˜˜˜˜˜˜˜˜˜˜˜ ˜˜˜˜˜˜˜,2021,˜˜˜,17.4,90,4500
˜˜˜˜˜˜˜˜˜˜˜ ˜˜˜˜˜˜˜,2021,˜˜˜,10.9,90,4500
˜˜˜˜˜˜˜˜˜˜ ˜˜˜˜˜˜˜,2021,˜˜˜,10.4,90,4500
˜˜˜˜˜˜˜˜˜˜˜ ˜˜˜˜˜˜˜,2021,˜˜˜,13.0,90,4500
˜˜˜˜˜˜˜˜˜ ˜˜˜˜˜˜˜,2021,˜˜˜,5.6,90,4500
˜˜˜˜˜˜˜˜˜˜˜ ˜˜˜˜˜˜˜ - ˜˜˜˜˜˜˜,2021,˜˜˜,11.4,90,4500
˜˜˜˜˜˜˜˜˜˜˜˜˜ ˜˜˜˜˜˜˜,2021,˜˜˜,15.0,90,4500
˜˜˜˜˜˜ ˜˜˜˜˜˜˜,2021,˜˜˜,9.0,90,4500
˜˜˜˜˜˜˜ ˜˜˜˜˜˜˜,2021,˜˜˜,13.1,90,4500
˜˜˜˜˜˜˜˜ ˜˜˜˜˜˜˜,2021,˜˜˜,15.7,90,4500
˜˜˜˜˜˜˜˜˜ ˜˜˜˜˜˜˜˜˜˜ ˜˜˜˜˜˜˜,2021,˜˜˜,10.4,90,4500
˜˜˜˜˜˜˜˜˜˜˜˜ ˜˜˜˜˜˜˜,2022,˜˜˜,12.7,90,4500
˜˜˜˜˜˜˜˜˜˜˜ ˜˜˜˜˜˜˜,2022,˜˜˜,17.9,90,4500
˜˜˜˜˜˜˜˜˜˜ ˜˜˜˜˜˜˜,2022,˜˜˜,4.0,90,4500
˜˜˜˜˜˜˜˜˜ ˜˜˜˜˜˜˜,2022,˜˜˜,7.2,90,4500
˜˜˜˜˜˜˜ ˜˜˜˜˜˜˜,2022,˜˜˜,21.2,90,4500
˜˜˜˜˜˜˜˜ ˜˜˜˜˜˜˜,2022,˜˜˜,21.3,90,4500
˜˜˜˜˜˜˜˜˜˜ ˜˜˜˜˜˜˜,2022,˜˜˜,12.8,90,4500
˜˜˜˜˜˜˜˜˜ ˜˜˜˜˜˜˜,2022,˜˜˜,16.9,90,4500
˜˜˜˜˜˜˜˜˜ ˜˜˜˜˜˜˜,2022,˜˜˜,17.6,90,4500
˜˜˜˜˜˜˜˜˜˜ ˜˜˜˜˜˜˜,2022,˜˜˜,17.7,90,4500
˜˜˜˜˜˜˜˜ ˜˜˜˜˜˜˜,2022,˜˜˜,19.2,90,4500
˜˜˜˜˜˜˜˜˜˜˜˜˜˜˜ ˜˜˜˜˜˜˜,2022,˜˜˜,19.7,90,4500
˜˜˜˜˜˜˜˜˜˜˜˜ ˜˜˜˜˜˜˜,2022,˜˜˜,16.2,90,4500
˜˜˜˜˜˜˜˜˜˜˜˜ ˜˜˜˜˜˜˜,2022,˜˜˜,7.1,90,4500
˜˜˜˜˜˜˜˜˜˜ ˜˜˜˜˜˜˜,2022,˜˜˜,13.8,90,4500
˜˜˜˜˜˜˜˜˜ ˜˜˜˜˜˜˜,2022,˜˜˜,15.9,90,4500
˜˜˜˜˜˜˜˜˜˜˜ ˜˜˜˜˜˜˜,2022,˜˜˜,17.8,90,4500
˜˜˜˜˜˜˜˜˜˜˜ ˜˜˜˜˜˜˜,2022,˜˜˜,13.7,90,4500
˜˜˜˜˜˜˜˜˜˜ ˜˜˜˜˜˜˜,2022,˜˜˜,10.7,90,4500
˜˜˜˜˜˜˜˜˜˜˜ ˜˜˜˜˜˜˜,2022,˜˜˜,9.1,90,4500
˜˜˜˜˜˜˜˜˜ ˜˜˜˜˜˜˜,2022,˜˜˜,8.6,90,4500
˜˜˜˜˜˜˜˜˜˜˜ ˜˜˜˜˜˜˜ - ˜˜˜˜˜˜˜,2022,˜˜˜,10.9,90,4500
˜˜˜˜˜˜˜˜˜˜˜˜˜ ˜˜˜˜˜˜˜,2022,˜˜˜,10.4,90,4500
˜˜˜˜˜˜ ˜˜˜˜˜˜˜,2022,˜˜˜,4.9,90,4500
˜˜˜˜˜˜˜ ˜˜˜˜˜˜˜,2022,˜˜˜,5.1,90,4500
˜˜˜˜˜˜˜˜ ˜˜˜˜˜˜˜,2022,˜˜˜,18.2,90,4500
˜˜˜˜˜˜˜˜˜ ˜˜˜˜˜˜˜˜˜˜ ˜˜˜˜˜˜˜,2022,˜˜˜,12.1,90,4500
˜˜˜˜˜˜˜˜˜˜˜˜ ˜˜˜˜˜˜˜,2020,˜˜˜,21.3,90,4500
˜˜˜˜˜˜˜˜ ˜˜˜˜˜˜˜,2021,˜˜˜,18.8,90,4500
˜˜˜˜˜˜˜˜˜˜˜ ˜˜˜˜˜˜˜,2023,˜˜˜,12.9,90,4500
˜˜˜˜˜˜˜˜˜ ˜˜˜˜˜˜˜,2024,˜˜˜,11.8,90,4500
˜˜˜˜˜˜˜ ˜˜˜˜˜˜˜,2025,˜˜˜,20.7,90,4500
˜˜˜˜˜˜˜˜ ˜˜˜˜˜˜˜,2026,˜˜˜,17.5,90,4500
˜˜˜˜˜˜˜˜˜˜ ˜˜˜˜˜˜˜,2027,˜˜˜,18.3,90,4500
˜˜˜˜˜˜˜˜˜ ˜˜˜˜˜˜˜,2028,˜˜˜,18.6,90,4500
˜˜˜˜˜˜˜˜˜ ˜˜˜˜˜˜˜,2029,˜˜˜,19.1,90,4500
˜˜˜˜˜˜˜˜˜˜ ˜˜˜˜˜˜˜,2031,˜˜˜,17.4,90,4500
˜˜˜˜˜˜˜˜ ˜˜˜˜˜˜˜,2032,˜˜˜,19.6,90,4500
˜˜˜˜˜˜˜˜˜˜˜˜˜˜˜ ˜˜˜˜˜˜˜,2034,˜˜˜,28.3,90,4500
˜˜˜˜˜˜˜˜˜˜˜˜˜ ˜˜˜˜˜˜˜,2037,˜˜˜,15.4,90,4500
˜˜˜˜˜˜˜˜˜˜ ˜˜˜˜˜˜˜,2038,˜˜˜,9.2,90,4500
˜˜˜˜˜˜˜˜˜˜˜˜ ˜˜˜˜˜˜˜,2040,˜˜˜,13.7,90,4500
˜˜˜˜˜˜˜˜˜˜ ˜˜˜˜˜˜˜,2041,˜˜˜,16.0,90,4500
˜˜˜˜˜˜˜˜˜ ˜˜˜˜˜˜˜,2042,˜˜˜,16.8,90,4500
˜˜˜˜˜˜˜˜˜˜˜ ˜˜˜˜˜˜˜,2043,˜˜˜,16.0,90,4500
˜˜˜˜˜˜˜˜˜˜˜ ˜˜˜˜˜˜˜,2044,˜˜˜,13.1,90,4500
˜˜˜˜˜˜˜˜˜˜ ˜˜˜˜˜˜˜,2045,˜˜˜,10.4,90,4500
˜˜˜˜˜˜˜˜˜˜˜ ˜˜˜˜˜˜˜,2048,˜˜˜,12.6,90,4500
˜˜˜˜˜˜˜˜˜ ˜˜˜˜˜˜˜,2049,˜˜˜,19.9,90,4500
˜˜˜˜˜˜˜˜˜˜˜ ˜˜˜˜˜˜˜,2050,˜˜˜,11.6,90,4500
˜˜˜˜˜˜˜˜˜˜˜˜˜ ˜˜˜˜˜˜˜,2051,˜˜˜,15.5,90,4500
˜˜˜˜˜˜ ˜˜˜˜˜˜˜,2052,˜˜˜,8.2,90,4500
˜˜˜˜˜˜˜ ˜˜˜˜˜˜˜,2053,˜˜˜,10.8,90,4500
˜˜˜˜˜˜˜˜ ˜˜˜˜˜˜˜,2054,˜˜˜,13.0,90,4500
˜˜˜˜˜˜˜˜˜ ˜˜˜˜˜˜˜˜˜˜ ˜˜˜˜˜˜˜,2055,˜˜˜,8.7,90,4500
˜˜˜˜˜˜˜˜˜˜˜˜ ˜˜˜˜˜˜˜,2021,˜˜˜˜˜˜˜,10.9,75,18750
˜˜˜˜˜˜˜˜ ˜˜˜˜˜˜˜,2021,˜˜˜˜˜˜˜,4.9,75,18750
˜˜˜˜˜˜˜˜˜˜˜˜ ˜˜˜˜˜˜˜,2021,˜˜˜˜˜˜˜,1.1,75,18750
˜˜˜˜˜˜˜˜˜˜˜ ˜˜˜˜˜˜˜,2021,˜˜˜˜˜˜˜,9.5,75,18750
˜˜˜˜˜˜˜˜˜˜ ˜˜˜˜˜˜˜,2021,˜˜˜˜˜˜˜,20.0,75,18750
˜˜˜˜˜˜˜˜˜ ˜˜˜˜˜˜˜,2021,˜˜˜˜˜˜˜,5.0,75,18750
˜˜˜˜˜˜˜ ˜˜˜˜˜˜˜,2021,˜˜˜˜˜˜˜,9.7,75,18750
˜˜˜˜˜˜˜˜ ˜˜˜˜˜˜˜,2021,˜˜˜˜˜˜˜,7.4,75,18750
˜˜˜˜˜˜˜˜˜˜ ˜˜˜˜˜˜˜,2021,˜˜˜˜˜˜˜,2.4,75,18750
˜˜˜˜˜˜˜˜˜ ˜˜˜˜˜˜˜,2021,˜˜˜˜˜˜˜,5.4,75,18750
˜˜˜˜˜˜˜˜˜ ˜˜˜˜˜˜˜,2021,˜˜˜˜˜˜˜,6.5,75,18750
˜˜˜˜˜˜˜˜˜˜ ˜˜˜˜˜˜˜,2021,˜˜˜˜˜˜˜,5.0,75,18750
˜˜˜˜˜˜˜˜˜˜ ˜˜˜˜˜˜˜,2021,˜˜˜˜˜˜˜,9.5,75,18750
˜˜˜˜˜˜˜˜ ˜˜˜˜˜˜˜,2021,˜˜˜˜˜˜˜,11.6,75,18750
˜˜˜˜˜˜˜˜˜˜˜˜˜ ˜˜˜˜˜˜˜,2021,˜˜˜˜˜˜˜,9.0,75,18750
˜˜˜˜˜˜˜˜˜˜ ˜˜˜˜˜˜˜,2021,˜˜˜˜˜˜˜,12.0,75,18750
˜˜˜˜˜˜˜˜˜ ˜˜˜˜˜˜˜,2021,˜˜˜˜˜˜˜,3.9,75,18750
˜˜˜˜˜˜˜˜˜˜˜˜˜ ˜˜˜˜˜˜˜,2021,˜˜˜˜˜˜˜,6.5,75,18750
˜˜˜˜˜˜˜˜˜˜˜˜ ˜˜˜˜˜˜˜,2021,˜˜˜˜˜˜˜,3.5,75,18750
˜˜˜˜˜˜˜˜˜˜ ˜˜˜˜˜˜˜,2021,˜˜˜˜˜˜˜,6.5,75,18750
˜˜˜˜˜˜˜˜˜ ˜˜˜˜˜˜˜,2021,˜˜˜˜˜˜˜,3.3,75,18750
˜˜˜˜˜˜˜˜˜˜˜ ˜˜˜˜˜˜˜,2021,˜˜˜˜˜˜˜,4.8,75,18750
˜˜˜˜˜˜˜˜˜˜˜ ˜˜˜˜˜˜˜,2021,˜˜˜˜˜˜˜,8.6,75,18750
˜˜˜˜˜˜˜˜˜˜ ˜˜˜˜˜˜˜,2021,˜˜˜˜˜˜˜,4.3,75,18750
˜˜˜˜˜˜˜˜˜ ˜˜˜˜˜˜˜,2021,˜˜˜˜˜˜˜,2.5,75,18750
˜˜˜˜˜˜˜˜˜˜˜ ˜˜˜˜˜˜˜,2021,˜˜˜˜˜˜˜,3.2,75,18750
˜˜˜˜˜˜˜˜˜ ˜˜˜˜˜˜˜,2021,˜˜˜˜˜˜˜,17.8,75,18750
˜˜˜˜˜˜˜˜˜˜˜ ˜˜˜˜˜˜˜ - ˜˜˜˜˜˜˜,2021,˜˜˜˜˜˜˜,4.4,75,18750
˜˜˜˜˜˜˜˜˜˜˜˜˜ ˜˜˜˜˜˜˜,2021,˜˜˜˜˜˜˜,8.5,75,18750
˜˜˜˜˜˜ ˜˜˜˜˜˜˜,2021,˜˜˜˜˜˜˜,6.3,75,18750
˜˜˜˜˜˜˜˜˜˜˜˜ ˜˜˜˜˜˜˜,2022,˜˜˜˜˜˜˜,9.4,75,18750
˜˜˜˜˜˜˜˜˜˜˜˜ ˜˜˜˜˜˜˜,2022,˜˜˜˜˜˜˜,1.3,75,18750
˜˜˜˜˜˜˜˜˜˜˜ ˜˜˜˜˜˜˜,2022,˜˜˜˜˜˜˜,11.1,75,18750
˜˜˜˜˜˜˜˜˜˜ ˜˜˜˜˜˜˜,2022,˜˜˜˜˜˜˜,8.1,75,18750
˜˜˜˜˜˜˜˜˜ ˜˜˜˜˜˜˜,2022,˜˜˜˜˜˜˜,1.5,75,18750
˜˜˜˜˜˜˜˜˜˜˜ ˜˜˜˜˜˜˜,2022,˜˜˜˜˜˜˜,1.0,75,18750
˜˜˜˜˜˜˜ ˜˜˜˜˜˜˜,2022,˜˜˜˜˜˜˜,10.4,75,18750
˜˜˜˜˜˜˜˜ ˜˜˜˜˜˜˜,2022,˜˜˜˜˜˜˜,8.7,75,18750
˜˜˜˜˜˜˜˜˜˜ ˜˜˜˜˜˜˜,2022,˜˜˜˜˜˜˜,7.8,75,18750
˜˜˜˜˜˜˜˜˜ ˜˜˜˜˜˜˜,2022,˜˜˜˜˜˜˜,8.1,75,18750
˜˜˜˜˜˜˜˜˜ ˜˜˜˜˜˜˜,2022,˜˜˜˜˜˜˜,9.9,75,18750
˜˜˜˜˜˜˜˜˜˜ ˜˜˜˜˜˜˜,2022,˜˜˜˜˜˜˜,10.8,75,18750
˜˜˜˜˜˜˜˜ ˜˜˜˜˜˜˜,2022,˜˜˜˜˜˜˜,1.3,75,18750
˜˜˜˜˜˜˜˜ ˜˜˜˜˜˜˜,2022,˜˜˜˜˜˜˜,5.2,75,18750
˜˜˜˜˜˜˜˜˜˜˜˜˜˜˜ ˜˜˜˜˜˜˜,2022,˜˜˜˜˜˜˜,8.0,75,18750
˜˜˜˜˜˜˜˜˜˜˜˜˜ ˜˜˜˜˜˜˜,2022,˜˜˜˜˜˜˜,150.0,75,18750
˜˜˜˜˜˜˜˜˜˜˜˜ ˜˜˜˜˜˜˜,2022,˜˜˜˜˜˜˜,20.0,75,18750
˜˜˜˜˜˜˜˜˜˜˜˜˜ ˜˜˜˜˜˜˜,2022,˜˜˜˜˜˜˜,8.8,75,18750
˜˜˜˜˜˜˜˜˜˜ ˜˜˜˜˜˜˜,2022,˜˜˜˜˜˜˜,8.3,75,18750
˜˜˜˜˜˜˜˜˜ ˜˜˜˜˜˜˜,2022,˜˜˜˜˜˜˜,1.8,75,18750
˜˜˜˜˜˜˜˜˜˜˜˜˜ ˜˜˜˜˜˜˜,2022,˜˜˜˜˜˜˜,7.4,75,18750
˜˜˜˜˜˜˜˜˜˜˜˜ ˜˜˜˜˜˜˜,2022,˜˜˜˜˜˜˜,7.8,75,18750
˜˜˜˜˜˜˜˜˜˜ ˜˜˜˜˜˜˜,2022,˜˜˜˜˜˜˜,7.9,75,18750
˜˜˜˜˜˜˜˜˜ ˜˜˜˜˜˜˜,2022,˜˜˜˜˜˜˜,10.4,75,18750
˜˜˜˜˜˜˜˜˜˜˜ ˜˜˜˜˜˜˜,2022,˜˜˜˜˜˜˜,6.1,75,18750
˜˜˜˜˜˜˜˜˜˜˜ ˜˜˜˜˜˜˜,2022,˜˜˜˜˜˜˜,11.0,75,18750
˜˜˜˜˜˜˜˜˜˜ ˜˜˜˜˜˜˜,2022,˜˜˜˜˜˜˜,3.7,75,18750
˜˜˜˜˜˜˜˜˜˜˜˜ ˜˜˜˜˜˜˜,2022,˜˜˜˜˜˜˜,7.7,75,18750
˜˜˜˜˜˜˜˜˜ ˜˜˜˜˜˜˜,2022,˜˜˜˜˜˜˜,3.3,75,18750
˜˜˜˜˜˜˜˜˜˜˜ ˜˜˜˜˜˜˜,2022,˜˜˜˜˜˜˜,4.8,75,18750
˜˜˜˜˜˜˜˜˜ ˜˜˜˜˜˜˜,2022,˜˜˜˜˜˜˜,8.8,75,18750
˜˜˜˜˜˜˜˜˜˜˜ ˜˜˜˜˜˜˜ - ˜˜˜˜˜˜˜,2022,˜˜˜˜˜˜˜,14.4,75,18750
˜˜˜˜˜˜˜˜˜˜˜˜˜ ˜˜˜˜˜˜˜,2022,˜˜˜˜˜˜˜,5.1,75,18750
˜˜˜˜˜˜ ˜˜˜˜˜˜˜,2022,˜˜˜˜˜˜˜,6.9,75,18750
